time,Inflación-Anual,Tasa-Hipotecaria
2000,3.38,8.05346
2001,2.83,6.96788
2002,1.59,6.53731
2003,2.27,5.82698
2004,2.68,5.83923
2005,3.39,5.86673
2006,3.24,6.41327
2007,2.85,6.33731
2008,3.85,6.02717
2009,-0.34,5.03654
2010,1.64,4.68981
2011,3.16,4.44788
2012,2.07,3.6575
2013,1.47,3.97558
2014,1.62,4.16887
2015,0.12,3.85058
2016,1.26,3.65404
2017,2.13,3.98981
2018,2.44,4.54462
2019,1.81,3.93577
2020,1.24,3.1117
2021,4.69,2.95769
